Date,Close_AAPL,Close_TLT,High_AAPL,High_TLT,Low_AAPL,Low_TLT,Open_AAPL,Open_TLT,Volume_AAPL,Volume_TLT
2020/1/2,72.71605682373047,120.1529312133789,72.77658292273667,120.60895661360287,71.46679725362982,119.85476642075616,71.72100391407992,119.95999790487721,135480400,11034100
2020/1/3,72.00911712646484,122.0032730102539,72.77174458511139,122.03835907696009,71.7839617851537,120.9158458078085,71.94132818321717,121.25786136041853,146322800,12366000
2020/1/6,72.58290100097656,121.31048583984375,72.62163859417052,122.52070098174623,70.87606782262263,121.15262529109293,71.12785848416316,122.50315794712621,118387200,11369800
2020/1/7,72.24154663085938,120.7141342163086,72.84922374466596,121.43325138727293,72.02123070618616,120.70536939035063,72.59259363206662,121.21401030560045,108872000,8381200
2020/1/8,73.4036636352539,119.91613006591797,73.70629425897245,121.29295736705434,71.9437738019734,119.54780658316652,71.9437738019734,120.95970657633892,132079200,10621700
2020/1/9,74.96281433105469,120.33704376220703,75.15649496744561,120.52997698103795,74.13239770457567,119.18822265643156,74.38418105419532,119.26714623284055,170108400,7411500
2020/1/10,75.13226318359375,121.40692901611328,75.69879404161257,121.43323687225629,74.62868922900458,120.696590137428,75.19763610714092,120.73166281848131,140644800,8776000
2020/1/13,76.7374038696289,121.0386734008789,76.76403919399131,121.1000539724334,75.33077798259308,120.48618134979066,75.44941415548828,120.91589887635035,121532000,5966900
2020/1/14,75.70120239257812,121.66129302978516,76.88509646087522,121.74023001224735,75.57773417210761,121.14388713660266,76.67446681398555,121.17895983214994,161954400,13920300
2020/1/15,75.37677001953125,122.46808624267578,76.38392503657866,122.56455287227885,74.94340114945155,121.9156077107821,75.5002456065532,122.35408995781124,121923600,6290500
2020/1/16,76.32098388671875,122.08222198486328,76.43235722338372,122.36284363906289,75.55835655241987,121.67004763968872,75.92151312955643,122.12605950043994,108829200,6798600
2020/1/17,77.16593933105469,121.0386734008789,77.16835535095495,121.14390488435492,76.26288724448004,120.45987347892165,76.57035717765905,120.65280678624073,137816400,9693100
2020/1/21,76.64300537109375,122.3101806640625,77.23615682397768,122.46802777455456,76.50500406521856,121.69630848757696,76.79310894375465,121.73138116277191,110843200,6794900
2020/1/22,76.91658020019531,122.73995971679688,77.47099402402007,122.89780690681506,76.82215592624772,122.41547374606522,77.1296258918447,122.52948341535607,101832400,6317000
2020/1/23,77.28700256347656,123.59940338134766,77.3668937772688,123.98526997920555,76.42026453610515,123.4590858218686,76.96984634011159,123.5204797721728,104472000,9747400
2020/1/24,77.06425476074219,124.59912109375,78.27961624864055,125.01129549027229,76.87299020657808,123.91508983599317,77.53393791090298,124.02032129675064,146537600,8585000
2020/1/27,74.79816436767578,126.5371322631836,75.48089322464955,126.5371322631836,73.81279759380895,125.84433657681758,75.06689673049003,126.2389677086164,161940000,10935200
2020/1/28,76.9141616821289,125.5462417602539,77.08605376922371,126.36181232690792,75.58258723533865,125.24807704006317,75.6818509443487,126.22149479455355,162234000,10612900
2020/1/29,78.52416229248047,126.77397155761719,79.37395133976464,126.89674603839414,77.80753513570895,125.78299750329364,78.5507976259598,125.79177571140151,216229200,9566800
2020/1/30,78.4103775024414,126.79154205322266,78.46364078408652,127.74743024497279,77.17080373518314,126.5372148284781,77.60417282727558,127.07216376374134,126743200,14711800
2020/1/31,74.93374633789062,127.9491195678711,78.12225762194025,128.0280565454438,74.63837863048332,127.2387804396342,77.69857485901245,127.30893920780062,199588400,14538100
2020/2/3,74.72795104980469,127.84545135498047,75.89731214570682,128.0387051453949,73.16879799630816,126.59809451008115,73.67237193822604,127.3271859187088,173788400,15309000
2020/2/4,77.19499969482422,126.12371063232422,77.38626426505087,126.61562433293827,75.93121426303615,125.66692788019272,76.33794793595989,126.48386652157488,136616400,11388300
2020/2/5,77.824462890625,124.74462127685547,78.62582786926725,125.35073420244386,77.21920188630669,124.64799438431751,78.32561338698618,124.99937099520427,118826800,10782600
2020/2/6,78.73477935791016,125.30680847167969,78.73720276650342,125.50885504611638,77.53636686633509,124.73583991802077,78.09562750675829,124.89394933768745,105425600,6683100
2020/2/7,77.6645736694336,126.87041473388672,78.48240085764334,127.14273666637114,77.1719355094332,126.37850082326125,78.23244174012544,126.68595371922656,117684000,11374800
2020/2/10,78.03343963623047,127.22179412841797,78.03343963623047,127.59072956933721,76.1648155367922,127.09002285431527,76.24489635857795,127.45897169888359,109348800,6699300
2020/2/11,77.56266021728516,126.58052825927734,78.60375558460609,127.12514523448684,77.34425051799536,126.43997761933723,78.53095482016886,127.01094616407966,94323200,7784100
2020/2/12,79.40457153320312,125.93925476074219,79.409422447038,126.09737756120875,78.01401820106558,125.60546378845953,78.01401820106558,125.93925476074219,113730400,5595500
2020/2/13,78.83911895751953,126.42239379882812,79.16673706133996,126.6683506942549,78.4702495744921,125.85142530665429,78.6740990287421,126.00075532147444,94747600,7883400
2020/2/14,78.8585433959961,126.97579956054688,79.10850246780329,127.44136176979316,78.34891601878451,126.88795207049677,78.80757547409223,127.16026052454893,80113600,7137400
2020/2/18,77.41461181640625,127.84545135498047,77.59662109183667,128.29345487078103,76.34924730268484,127.30083434762025,76.53125657811528,127.66976974650758,152531200,6909200
2020/2/19,78.53580474853516,127.83668518066406,78.76635284298499,127.91573990210183,77.65730764080503,127.35355065468501,77.65730764080503,127.47652913369342,93984000,5707700
2020/2/20,77.73011016845703,128.83802795410156,78.78576569935353,129.07520541668652,77.22291175513422,128.24948739435914,78.29555659989744,128.31976269451923,100566000,9332900
2020/2/21,75.97065734863281,130.04151916503906,77.76648785830864,130.779403447007,75.35182886622782,129.69893529984463,77.32238114469776,129.83070657331882,129554000,13860300
2020/2/24,72.36201477050781,131.98284912109375,73.81808861613008,132.60653437228373,70.19004239437265,131.76324371490225,72.13875426152481,132.49233527189605,222195200,15929300
2020/2/25,69.91096496582031,132.6855926513672,73.4176795737371,133.30926451559196,69.43774534651452,131.88622573456863,73.03425000192122,131.94772168369957,230673600,20802900
2020/2/26,71.02001953,131.98284912109375,72.28923357582319,133.27412998179182,69.5275449173606,131.39430824093856,69.53482499231708,131.7193199529339,198054800,22589500
2020/2/27,66.3775863647461,133.4146270751953,69.40622427185191,134.46872992082422,66.24168665795082,132.49228205890319,68.21709813440401,134.1349255483112,320605600,30687900
2020/2/28,66.33876037597656,136.42764282226562,67.56429436979359,137.01618362660088,62.21564451650338,135.41746344538316,62.43163248715633,135.67219978614227,426510000,44935200
2020/3/2,72.51493072509766,135.4238739013672,73.15317785016722,137.67595121112794,67.39683013967526,135.26551758432234,68.5034460821462,136.62029165010753,341397200,28152400
2020/3/3,70.21189880371094,137.52642822265625,73.77442519005979,140.4910759944605,69.3576638774749,134.03394385287464,73.69434436871329,135.30953330397057,319475600,38608000
2020/3/4,73.46863555908203,136.06605529785156,73.62880458228122,138.42370779763118,71.13649400429283,135.64379418723382,71.93976087414214,137.59677028106904,219178400,23463700
2020/3/5,71.0855484008789,139.4530487060547,72.69450423193115,139.71696707005398,70.7191006767236,137.9487234276707,71.71650798671432,138.2302399288554,187572800,17786200
2020/3/6,70.14151763916016,146.7107391357422,70.5759151634938,148.96281759340883,68.24862422437134,144.37068341004783,68.43548440571074,147.17698912470695,226176800,76288300
2020/3/9,64.5938949584961,150.68699645996094,67.48662548846899,158.08543327315877,63.8245990046388,149.85126645594596,64.00660831738968,157.55761015541077,286744800,41552800
2020/3/10,69.24603271484375,142.9630584716797,69.5129811258908,152.12972426366616,65.37044835521063,142.5407973210928,67.25606913589775,149.23545610518036,285290000,37728300
2020/3/11,66.84107208251953,137.70237731933594,68.24618550081415,146.93942435906456,65.97470631539656,136.9106357995936,67.31672823268998,145.5318689645858,255598800,29519300
2020/3/12,60.24021911621094,138.5557098388672,65.52334303397203,146.3500188784866,60.184403971944676,136.93703048205862,62.11127620771815,143.8428149501202,418474000,24361800
2020/3/13,67.45748901367188,135.4238739013672,67.93071607578169,139.1714700411935,61.38565875889742,133.8843664597092,64.28325061879912,136.35637340399254,370732000,19812900
2020/3/16,58.779293060302734,144.19473266601562,62.873283657436204,146.16529447312791,58.242970742071286,138.8284418374783,58.71619413875295,141.08932592500082,322423600,30496700
2020/3/17,61.36381149291992,134.57940673828125,62.516533028751404,145.70785996678435,57.85467155764232,134.3418922769099,60.06547737431807,143.834054230843,324056000,18570900
2020/3/18,59.86164093017578,126.98736572265625,60.66976261253334,135.59980358398184,57.54405525777932,122.2896589203129,58.18715696326524,134.45616689541978,300233600,47061000
2020/3/19,59.40297317504883,130.44464111328125,61.35896558109421,134.99278355498834,58.87636011980493,127.77909547939333,60.036365596883776,129.2746140498864,271857200,21175300
2020/3/20,55.63174819946289,140.2534637451172,61.11386719257989,140.2534637451172,55.330824836574074,133.81393361322347,59.98540735898822,134.86080040077823,401693200,20863100
2020/3/23,54.44989776611328,146.0332489013672,55.45216343682044,146.64025672226134,51.59599344484774,137.73751114497904,55.350238679238295,138.55564278292368,336752800,19971800
2020/3/24,59.912601470947266,143.3149871826172,60.109170897229895,145.54946693869815,56.859698759909456,141.1156902708102,57.35961698057595,141.854650811551,287531200,11948600
2020/3/25,59.582557678222656,142.98947143554688,62.67186075528643,146.63150631263224,59.28648895944169,142.1801318432437,60.851767993758266,143.91317875422664,303602000,10750600
2020/3/26,62.717952728271484,143.69325256347656,62.77619331035084,145.75179114751427,59.7863903670256,142.75196051287156,59.825219890403275,144.2738701405464,252087200,10576200
2020/3/27,60.12129592895508,147.52883911132812,62.094273652565946,148.0126871328553,59.95384682888378,144.79291312426747,61.33711636840459,145.61105858311223,204216800,12550000
2020/3/30,61.83704376220703,146.31483459472656,62.0093475048291,149.64896287969387,60.52414930589501,145.98053716131247,60.849342024154396,148.05667402844188,167976400,13473200
2020/3/31,61.71084976196289,145.12718200683594,63.700817094858024,146.84263063341206,61.15511640489983,144.76649415053404,62.0287624061651,145.76937284172016,197002000,11464800
2020/4/1,58.46379470825195,147.16049194335938,60.3591169738146,148.852003748435,58.0318264145662,146.5966591559455,59.82036933508518,148.42911907574907,176218400,11334700
2020/4/2,59.43937301635742,148.09434509277344,59.49276269917482,149.0810490628188,57.49066070248686,147.35430367240605,58.32547715782636,148.7374636844756,165934000,5771200
2020/4/3,58.585140228271484,148.4467315673828,59.626231543601605,150.05894397439997,57.99300285608874,148.12957480792315,58.9224639013772,148.49078373119195,129880000,6570800
2020/4/6,63.695953369140625,148.05911254882812,63.85126406814097,148.24412628282886,60.519286350194704,146.71119951327958,60.888155740548534,147.12526570776413,201820400,9434800
2020/4/7,62.95821762084961,146.5085906982422,65.93589399470639,146.61430516118384,62.853867417629125,144.22683058751107,65.71747694762487,145.32806771927352,202887200,13811400
2020/4/8,64.56961822509766,145.4425811767578,64.88509803559353,146.4116751894444,63.395052482452144,144.5968386228091,63.76149282104844,145.46020473412543,168895200,10147100
2020/4/9,65.0355453491211,145.7068634033203,65.54032183594127,146.05925385166842,64.23713674062121,144.28846966804323,65.20785277807086,144.72896444989533,161834800,14259100
2020/4/13,66.31204223632812,144.37655639648438,66.42125075775364,145.98876871461232,64.51136064871955,144.37655639648438,65.11320728466447,145.1430129217396,131022800,8750300
2020/4/14,69.66101837158203,144.34133911132812,69.95223619410436,145.13423785149112,67.47690692059525,144.02418230382992,67.9501340306998,144.34133911132812,194994800,9019100
2020/4/15,69.02517700195312,148.16482543945312,69.48626555936471,148.534852903555,68.10299988712995,146.89621169918004,68.53253899378625,146.94906892467043,131154400,10027800
2020/4/16,69.57364654541016,149.84759521484375,69.94009422345636,150.05023260632086,68.5204205220071,148.90494284635824,69.7410956561746,149.11637185612022,157125200,8265400
2020/4/17,68.6296157836914,147.83885192871094,69.636739522461,150.50824914814797,67.18810198275611,147.363123493978,69.08828263215949,149.60964950000425,215250000,8612100
2020/4/20,67.2051010131836,149.02821350097656,68.35782638874939,149.14273301517906,67.18568994969831,147.97102860187732,67.45263835997193,148.39389987294996,130015200,6462600
2020/4/21,65.12775421142578,150.90467834472656,67.28274465717786,151.6623298163136,64.4142774447653,150.4553785605699,67.04734575925282,151.4685110601286,180991600,7850700
2020/4/22,67.0036849975586,149.36297607421875,67.4405043108994,150.11182263744865,66.05723821466911,148.63176651043156,66.39940914673265,149.7418086056944,116862400,6230200
2020/4/23,66.74401092529297,150.15585327148438,68.37481424450658,150.5875295252005,66.7051813931717,149.42463036973774,66.94786041444767,149.65368280144764,124814400,5968600
2020/4/24,68.67086791992188,150.5082550048828,68.68057715232159,150.5082550048828,67.22207418369496,149.3894079291367,67.27061293971914,149.42464159711133,126161200,6211800
2020/4/27,68.71942138671875,147.70672607421875,69.05189045933044,149.54799119311423,67.93799464568525,147.51290727824713,68.38694490813113,149.46870535189905,117087600,9039500
2020/4/28,67.60552978515625,149.40707397460938,69.36495298340253,149.63613995211819,67.51331796268283,148.40274602592035,69.18294368703222,148.49085039309128,112004800,9905400
2020/4/29,69.8260269165039,148.6317138671875,70.29682473918272,149.9972365568575,68.89414050420481,147.9709718781871,69.0979899625851,149.3541181182229,137280800,8619600
2020/4/30,71.2990951538086,146.89622497558594,71.47625350962926,149.08988068870607,69.97649890054853,146.86979636045214,70.36720857906009,148.6582043462968,183064000,11606100
2020/5/1,70.1512222290039,148.15414428710938,72.56102298757865,148.29528871148185,69.3697955313602,146.8221291153112,69.46686565282405,147.7571873713008,240616800,10209400
2020/5/4,71.14378356933594,147.45724487304688,71.27240315582554,147.91594399748155,69.48385993378157,146.85738788377427,70.17549663342325,147.8100924241922,133568000,8300900
2020/5/5,72.2115707397461,146.51341247558594,73.04638718577591,146.67220335612112,71.45926427424553,145.79007068283522,71.60487317175793,146.05471317687628,147751200,7831800
2020/5/6,72.95661163330078,144.14926147460938,73.59000046531965,144.35214816161798,72.52949409062046,142.94956084922683,72.91535293184648,143.99047064022733,142333600,14721500
2020/5/7,73.7113265991211,146.5574493408203,74.05836324243135,146.7603359864881,73.28178737986006,144.08747638476103,73.58513616899319,144.28154655375445,115215200,9164800
2020/5/8,75.46578216552734,144.65200805664062,75.51931637355732,145.90463393739736,74.04470105585122,144.38736575275868,74.3732060857613,145.10190401131996,133838400,8129800
